<?xml version="1.0" encoding="UTF-8"?>
<project-private xmlns="http://www.netbeans.org/ns/project-private/1">
    <editor-bookmarks xmlns="http://www.netbeans.org/ns/editor-bookmarks/2" lastBookmarkId="0"/>
    <open-files xmlns="http://www.netbeans.org/ns/projectui-open-files/2">
        <group>
            <file>file:/C:/Users/Rolando/Documents/NetBeansProjects/POO_PROYECTO/src/poo_proyecto/Usuarios_Consulta.java</file>
            <file>file:/C:/Users/Rolando/Documents/NetBeansProjects/POO_PROYECTO/src/poo_proyecto/Autos.java</file>
            <file>file:/C:/Users/Rolando/Documents/NetBeansProjects/POO_PROYECTO/src/poo_proyecto/Autos_BD.java</file>
            <file>file:/C:/Users/Rolando/Documents/NetBeansProjects/POO_PROYECTO/src/poo_proyecto/Conexion.java</file>
            <file>file:/C:/Users/Rolando/Documents/NetBeansProjects/POO_PROYECTO/src/poo_proyecto/Pagina_Principal.java</file>
            <file>file:/C:/Users/Rolando/Documents/NetBeansProjects/POO_PROYECTO/src/poo_proyecto/main.java</file>
            <file>file:/C:/Users/Rolando/Documents/NetBeansProjects/POO_PROYECTO/src/poo_proyecto/Controlador_2.java</file>
            <file>file:/C:/Users/Rolando/Documents/NetBeansProjects/POO_PROYECTO/src/poo_proyecto/Inicio_Sesion.java</file>
            <file>file:/C:/Users/Rolando/Documents/NetBeansProjects/POO_PROYECTO/src/poo_proyecto/Autos_Añadir.java</file>
            <file>file:/C:/Users/Rolando/Documents/NetBeansProjects/POO_PROYECTO/src/poo_proyecto/Usuarios.java</file>
            <file>file:/C:/Users/Rolando/Documents/NetBeansProjects/POO_PROYECTO/src/poo_proyecto/Prestamos.java</file>
            <file>file:/C:/Users/Rolando/Documents/NetBeansProjects/POO_PROYECTO/src/poo_proyecto/Controlador_1.java</file>
            <file>file:/C:/Users/Rolando/Documents/NetBeansProjects/POO_PROYECTO/src/poo_proyecto/Controlador_P.java</file>
            <file>file:/C:/Users/Rolando/Documents/NetBeansProjects/POO_PROYECTO/src/poo_proyecto/Prestamos_Rentar.java</file>
        </group>
    </open-files>
</project-private>
